{
  "asam_rho0.5": 0.0003168894618283957,
  "msam_rho0.005": 0.0004299076390452683,
  "msam_rho0.01": 0.00047273049131035805,
  "msam_rho0.02": 0.0003901221207343042,
  "msam_rho0.03": 0.00021803176787216216,
  "msam_rho0.05": 0.00018029917555395514,
  "sam_rho0.005": 0.0005799252539873123,
  "sam_rho0.01": 0.00040346235618926585,
  "sam_rho0.02": 0.0002908430469688028,
  "sam_rho0.03": 0.0003741318068932742,
  "sam_rho0.05": 0.00027329547447152436,
  "sgd_rho0.0": 0.0003897394926752895
}