{
  "asam_rho0.5": 0.0003168894618283957,
  "msam_rho0.005": 0.0006240613874979317,
  "msam_rho0.01": 0.0004289307980798185,
  "msam_rho0.02": 0.00044003044604323804,
  "msam_rho0.03": 0.00026077142683789134,
  "msam_rho0.05": 0.00018924064352177083,
  "sam_rho0.005": 0.0006345344008877873,
  "sam_rho0.01": 0.000402428035158664,
  "sam_rho0.02": 0.0004445571394171566,
  "sam_rho0.03": 0.0005162177258171141,
  "sam_rho0.05": 0.0003426801704335958,
  "sgd_rho0.0": 0.0006246463162824512
}